{"i":1000,"val_loss_history":[1.9655561579598],"val_loss_history_it":[1000],"forward_backward_times":{},"opt":{"max_epochs":50,"checkpoint_every":1000,"batch_size":64,"memory_benchmark":0,"init_from":"","grad_clip":5,"model_type":"lstm","lr_decay_every":5,"print_every":1,"wordvec_size":64,"seq_length":50,"input_json":"\/root\/data\/games.json","num_layers":2,"input_h5":"\/root\/data\/games.h5","reset_iterations":1,"rnn_size":256,"dropout":0.2,"checkpoint_name":"cv\/checkpoint","batchnorm":0,"learning_rate":0.002,"speed_benchmark":0,"gpu_backend":"cuda","lr_decay_factor":0.5,"gpu":-1},"train_loss_history":[5.5249128341675,5.3239006996155,4.8443212509155,4.35400390625,4.0048274993896,3.8040611743927,3.7203638553619,3.6465704441071,3.6665954589844,3.6045627593994,3.6370940208435,3.6715326309204,3.5766603946686,3.5988335609436,3.62029504776,3.6231534481049,3.6024978160858,3.6068639755249,3.6077783107758,3.5710396766663,3.5843579769135,3.581479549408,3.6067807674408,3.5666403770447,3.5838057994843,3.5643093585968,3.5389819145203,3.5551269054413,3.5222234725952,3.5228002071381,3.4982597827911,3.5139191150665,3.5077135562897,3.5209875106812,3.4546418190002,3.4792416095734,3.4333443641663,3.4711043834686,3.455815076828,3.4462859630585,3.4515285491943,3.4457128047943,3.4626727104187,3.4594082832336,3.4481582641602,3.4399538040161,3.3979620933533,3.377379655838,3.3845901489258,3.3484399318695,3.3331203460693,3.3117618560791,3.3221747875214,3.3129510879517,3.318008184433,3.2976109981537,3.2955083847046,3.2852005958557,3.2790353298187,3.2681198120117,3.2492918968201,3.2230017185211,3.2080338001251,3.198118686676,3.1975009441376,3.1701345443726,3.1839196681976,3.1701416969299,3.1296358108521,3.1195929050446,3.0826885700226,3.0929126739502,3.0337610244751,3.0010848045349,2.9941246509552,3.0078830718994,2.9638249874115,2.9988644123077,2.9553771018982,2.9830899238586,2.9546701908112,2.9442429542542,2.9443502426147,2.897204875946,2.8949189186096,2.882794380188,2.8463416099548,2.8176021575928,2.8716478347778,2.8479037284851,2.8629732131958,2.8605298995972,2.8282470703125,2.8721346855164,2.8163704872131,2.8888039588928,2.8463988304138,2.8384988307953,2.8521151542664,2.8188366889954,2.8485195636749,2.8539893627167,2.8252837657928,2.8275542259216,2.8020279407501,2.7653765678406,2.7935574054718,2.7764410972595,2.7562198638916,2.7813925743103,2.785302400589,2.7452268600464,2.7659561634064,2.8398375511169,2.8349590301514,2.7829430103302,2.7650423049927,2.7694578170776,2.7591462135315,2.7141234874725,2.7013604640961,2.6871695518494,2.7044732570648,2.7222726345062,2.7361874580383,2.6877388954163,2.6902129650116,2.69269323349,2.6763651371002,2.6226544380188,2.6474847793579,2.6650223731995,2.6626482009888,2.6766347885132,2.6828937530518,2.6653180122375,2.6490983963013,2.6647920608521,2.5967144966125,2.6622936725616,2.6092398166656,2.6287975311279,2.6581859588623,2.6437387466431,2.6659972667694,2.6342389583588,2.6092898845673,2.6150171756744,2.6499168872833,2.5931994915009,2.6859483718872,2.6608366966248,2.5864660739899,2.5929470062256,2.6048877239227,2.6068096160889,2.6099104881287,2.6288049221039,2.5885515213013,2.5803890228271,2.5901486873627,2.5564243793488,2.5710034370422,2.5412950515747,2.5448801517487,2.5717766284943,2.5857253074646,2.5966994762421,2.5592784881592,2.5952422618866,2.5543134212494,2.5618071556091,2.5654189586639,2.5705513954163,2.5389404296875,2.5597677230835,2.5289225578308,2.5149984359741,2.5692620277405,2.5534088611603,2.565596818924,2.4849834442139,2.5076689720154,2.5385625362396,2.5103778839111,2.454952955246,2.4462540149689,2.417332649231,2.4585132598877,2.4700815677643,2.467565536499,2.4817276000977,2.5032117366791,2.494603395462,2.4991590976715,2.4846668243408,2.4943549633026,2.4651381969452,2.4883503913879,2.4790658950806,2.4359307289124,2.4212138652802,2.430869102478,2.4366762638092,2.446944475174,2.4351708889008,2.4620091915131,2.4441742897034,2.4006636142731,2.3750340938568,2.3954794406891,2.4660816192627,2.4377548694611,2.4558966159821,2.4294347763062,2.4382164478302,2.4456560611725,2.4598469734192,2.4269161224365,2.3922262191772,2.3969664573669,2.3794889450073,2.4090366363525,2.4102182388306,2.3717994689941,2.3993084430695,2.4117870330811,2.3740372657776,2.4717125892639,2.4009764194489,2.4534168243408,2.3909687995911,2.3910100460052,2.4155385494232,2.3446810245514,2.3951015472412,2.406632900238,2.4149625301361,2.3150515556335,2.3785715103149,2.3731417655945,2.3957574367523,2.400098323822,2.3929038047791,2.4348804950714,2.3809425830841,2.4514653682709,2.437002658844,2.4091362953186,2.4583485126495,2.3972864151001,2.4059243202209,2.3748836517334,2.3763818740845,2.4266271591187,2.3795783519745,2.3394799232483,2.3884928226471,2.3996839523315,2.3818926811218,2.3933975696564,2.4191460609436,2.3951704502106,2.4239983558655,2.4218294620514,2.4307267665863,2.4022102355957,2.3844966888428,2.4213154315948,2.3744738101959,2.3657972812653,2.3544158935547,2.3910622596741,2.3656463623047,2.3604466915131,2.3822448253632,2.3580918312073,2.361451625824,2.3751981258392,2.3509740829468,2.3030035495758,2.339935541153,2.3704433441162,2.3626866340637,2.3727734088898,2.3622460365295,2.3457791805267,2.3387305736542,2.3525185585022,2.3102469444275,2.3613288402557,2.3230247497559,2.3710908889771,2.3708324432373,2.3374261856079,2.3970818519592,2.3767778873444,2.3181428909302,2.3312082290649,2.3565170764923,2.3558435440063,2.3790459632874,2.3856675624847,2.3130443096161,2.3210496902466,2.3137624263763,2.3195900917053,2.3305370807648,2.3593456745148,2.3487372398376,2.3031861782074,2.3398859500885,2.3221609592438,2.3044922351837,2.2868986129761,2.2834055423737,2.2979226112366,2.3432767391205,2.3599119186401,2.2952611446381,2.3446855545044,2.3541791439056,2.3374938964844,2.3500814437866,2.3489844799042,2.2924916744232,2.3090786933899,2.3020260334015,2.2763981819153,2.3446526527405,2.3414220809937,2.3505094051361,2.2635500431061,2.2802107334137,2.3444108963013,2.2951054573059,2.2394378185272,2.2353167533875,2.1883957386017,2.2346987724304,2.263388633728,2.2687647342682,2.2613353729248,2.2743644714355,2.3043277263641,2.2611527442932,2.2550964355469,2.281140089035,2.2794785499573,2.2940373420715,2.2826738357544,2.2187340259552,2.1983318328857,2.2329864501953,2.2153890132904,2.2443838119507,2.2523148059845,2.2552654743195,2.2422835826874,2.2209477424622,2.1705634593964,2.1823377609253,2.2716457843781,2.2776906490326,2.2426826953888,2.200918674469,2.2194540500641,2.2490258216858,2.2670116424561,2.2274167537689,2.1817705631256,2.2042555809021,2.1987679004669,2.2266380786896,2.2117974758148,2.1890578269958,2.2018654346466,2.2354624271393,2.2039129734039,2.2840976715088,2.2038283348083,2.2812738418579,2.2068762779236,2.2102930545807,2.2126891613007,2.1591169834137,2.207932472229,2.2521660327911,2.2734823226929,2.1486411094666,2.2158551216125,2.1953012943268,2.2284886837006,2.2301375865936,2.2075736522675,2.2534770965576,2.1980860233307,2.2773478031158,2.2750544548035,2.217068195343,2.2913520336151,2.2210521697998,2.2505097389221,2.1971130371094,2.2084059715271,2.2675702571869,2.2236347198486,2.1758029460907,2.225163936615,2.2356820106506,2.2068870067596,2.2456543445587,2.2604918479919,2.2314076423645,2.2529473304749,2.2331902980804,2.2678611278534,2.2173509597778,2.2464320659637,2.259886264801,2.2379746437073,2.2100012302399,2.197142124176,2.2472200393677,2.2247757911682,2.2051193714142,2.2411141395569,2.2201170921326,2.2249484062195,2.23410987854,2.226211309433,2.1855895519257,2.2087571620941,2.23570728302,2.2192022800446,2.2383394241333,2.2048370838165,2.2201879024506,2.1845591068268,2.2023572921753,2.1568593978882,2.2217938899994,2.1918148994446,2.2342908382416,2.2371745109558,2.2004244327545,2.2507462501526,2.2404928207397,2.1825377941132,2.1947028636932,2.2101275920868,2.2161147594452,2.2262015342712,2.262273311615,2.1614530086517,2.1721751689911,2.1621541976929,2.1815066337585,2.1985604763031,2.2270340919495,2.2271773815155,2.1688420772552,2.2210645675659,2.1901569366455,