{"i":1000,"val_loss_history":[2.0150561796294],"val_loss_history_it":[1000],"forward_backward_times":{},"opt":{"max_epochs":50,"checkpoint_every":1000,"batch_size":64,"memory_benchmark":0,"init_from":"","grad_clip":5,"model_type":"lstm","lr_decay_every":5,"print_every":1,"wordvec_size":64,"seq_length":50,"input_json":"\/root\/data\/games.json","num_layers":3,"input_h5":"\/root\/data\/games.h5","reset_iterations":1,"rnn_size":256,"dropout":0.2,"checkpoint_name":"cv\/checkpoint","batchnorm":0,"learning_rate":0.002,"speed_benchmark":0,"gpu_backend":"cuda","lr_decay_factor":0.5,"gpu":-1},"train_loss_history":[5.5371294021606,5.4034471511841,4.9095497131348,4.4627447128296,4.1095600128174,3.872346162796,3.7632431983948,3.6591744422913,3.659309387207,3.604996919632,3.6353793144226,3.6798596382141,3.5938928127289,3.6248095035553,3.6244306564331,3.6194078922272,3.6130883693695,3.6163337230682,3.6246314048767,3.5903000831604,3.5986881256104,3.5954461097717,3.6228492259979,3.58465051651,3.5942261219025,3.5621793270111,3.5695724487305,3.5849685668945,3.5455389022827,3.5556116104126,3.5367889404297,3.5615453720093,3.5571711063385,3.5693025588989,3.51349401474,3.5430200099945,3.5039610862732,3.5559418201447,3.5460269451141,3.5480868816376,3.5703058242798,3.5577530860901,3.571656703949,3.592512845993,3.5836224555969,3.5933878421783,3.558963060379,3.5529184341431,3.5628135204315,3.5414464473724,3.5349805355072,3.531685590744,3.555814743042,3.5483503341675,3.558349609375,3.5468666553497,3.545042514801,3.5668230056763,3.5605630874634,3.5685422420502,3.5646548271179,3.5597298145294,3.572315454483,3.5619814395905,3.572606086731,3.5557112693787,3.5798146724701,3.5789003372192,3.5712974071503,3.576958656311,3.5389797687531,3.5662078857422,3.5359580516815,3.5347301959991,3.535129070282,3.5468444824219,3.5294530391693,3.5534484386444,3.5448682308197,3.5640020370483,3.5531256198883,3.5389831066132,3.5674133300781,3.5497307777405,3.5364241600037,3.5488245487213,3.514369726181,3.5226709842682,3.5449869632721,3.551198720932,3.5585117340088,3.5515050888062,3.5249319076538,3.5739922523499,3.5137283802032,3.5832571983337,3.5607888698578,3.5449860095978,3.5798907279968,3.5466032028198,3.5678505897522,3.5636959075928,3.5567984580994,3.5471224784851,3.5220518112183,3.5100982189178,3.5194602012634,3.5180177688599,3.4937114715576,3.5094048976898,3.5134057998657,3.4527997970581,3.4926309585571,3.5287454128265,3.5010251998901,3.4882624149323,3.4681746959686,3.4691092967987,3.4577405452728,3.4277286529541,3.4031994342804,3.3930459022522,3.4055004119873,3.4273328781128,3.4373571872711,3.397078037262,3.4107027053833,3.3855526447296,3.4069833755493,3.3549222946167,3.3525121212006,3.3679578304291,3.406733751297,3.4049909114838,3.3943750858307,3.3726935386658,3.3739800453186,3.3881502151489,3.3269455432892,3.3758392333984,3.3373367786407,3.3385846614838,3.3778095245361,3.4045009613037,3.3749129772186,3.3528304100037,3.351212978363,3.346675157547,3.3444204330444,3.3233098983765,3.3890852928162,3.3652844429016,3.3377339839935,3.3171982765198,3.3156757354736,3.3253426551819,3.3334827423096,3.3530015945435,3.3029787540436,3.3282155990601,3.2575135231018,3.2655408382416,3.307498216629,3.2495687007904,3.2566785812378,3.274552822113,3.2721872329712,3.2531833648682,3.2744934558868,3.2434225082397,3.1857550144196,3.1959748268127,3.1868646144867,3.2091195583344,3.1584327220917,3.1759402751923,3.1583778858185,3.1644864082336,3.170373916626,3.1261594295502,3.1365447044373,3.0842401981354,3.1050963401794,3.0944137573242,3.0939557552338,3.0597667694092,3.0638513565063,3.0258150100708,3.0678434371948,3.0654077529907,3.0596096515656,3.0621395111084,3.067051410675,3.0909295082092,3.0918920040131,3.0787792205811,3.0723090171814,3.0481510162354,3.0311958789825,3.0487914085388,3.017231464386,3.0059969425201,2.998547077179,3.0024271011353,3.0241429805756,3.0267331600189,3.0256316661835,3.0194525718689,3.0081536769867,3.0123813152313,3.016857624054,3.0158612728119,3.0082972049713,3.0116214752197,2.986419916153,3.0177626609802,2.9909768104553,3.0176024436951,3.0030834674835,2.962331533432,2.9848392009735,2.9488685131073,2.9673824310303,2.9329235553741,2.9074857234955,2.9212024211884,2.9336025714874,2.9099798202515,2.9600534439087,2.9135043621063,2.9492032527924,2.9268686771393,2.9182071685791,2.9297025203705,2.8792150020599,2.8990848064423,2.8942296504974,2.8615970611572,2.8523352146149,2.8914771080017,2.8982877731323,2.9134600162506,2.9109101295471,2.8798532485962,2.9152059555054,2.8627681732178,2.9131195545197,2.9173145294189,2.8981332778931,2.9137718677521,2.8820734024048,2.8959527015686,2.9044690132141,2.8769333362579,2.8800067901611,2.8497705459595,2.8030698299408,2.8477623462677,2.8379819393158,2.8102023601532,2.8322243690491,2.8653223514557,2.8211703300476,2.8457021713257,2.8923580646515,2.8925063610077,2.8681890964508,2.8194832801819,2.8404521942139,2.8222234249115,2.7969884872437,2.7857160568237,2.7716782093048,2.7746915817261,2.7721478939056,2.7815341949463,2.782280921936,2.7799248695374,2.7572796344757,2.7496075630188,2.6912605762482,2.7118184566498,2.7262363433838,2.7338716983795,2.7545549869537,2.7630636692047,2.7332189083099,2.7107491493225,2.7057201862335,2.6561188697815,2.6948022842407,2.6490831375122,2.6744873523712,2.7109732627869,2.7154784202576,2.7077333927155,2.6996703147888,2.6673696041107,2.6882498264313,2.6865496635437,2.6752579212189,2.7418525218964,2.7190008163452,2.6546533107758,2.6614053249359,2.6610877513885,2.6873898506165,2.6764669418335,2.6917688846588,2.656477689743,2.668445110321,2.6445360183716,2.6341676712036,2.6387300491333,2.609254360199,2.6101160049438,2.6502530574799,2.6654512882233,2.6693379878998,2.6372950077057,2.6575407981873,2.6106324195862,2.6352574825287,2.6196486949921,2.630836725235,2.5994265079498,2.6160254478455,2.5814037322998,2.5841281414032,2.6226952075958,2.6194064617157,2.6294622421265,2.5605947971344,2.5771243572235,2.6072125434875,2.5910296440125,2.5377447605133,2.5254919528961,2.4866008758545,2.5328538417816,2.5477058887482,2.5580129623413,2.5331907272339,2.5677859783173,2.5670535564423,2.5759670734406,2.5372543334961,2.554753780365,2.5468356609344,2.5758101940155,2.5599222183228,2.5215694904327,2.4870810508728,2.4912691116333,2.4979250431061,2.5198981761932,2.5078394412994,2.5221178531647,2.5200147628784,2.4822432994843,2.4530589580536,2.4718227386475,2.5259788036346,2.5151183605194,2.5202856063843,2.4815945625305,2.5042223930359,2.5005946159363,2.5447189807892,2.5010242462158,2.4581491947174,2.4797360897064,2.4593377113342,2.4904041290283,2.480678319931,2.4312222003937,2.4647948741913,2.4807100296021,2.454934835434,2.5170547962189,2.4704847335815,2.5194194316864,2.4809317588806,2.4711852073669,2.4531350135803,2.4221391677856,2.4525330066681,2.4756295681,2.4761638641357,2.4100749492645,2.4678239822388,2.4556789398193,2.4778981208801,2.484831571579,2.461550951004,2.5162398815155,2.4554736614227,2.4944934844971,2.500391960144,2.448664188385,2.5169916152954,2.4811832904816,2.4873847961426,2.4638564586639,2.4417498111725,2.4794209003448,2.4511289596558,2.4157524108887,2.4378559589386,2.4739534854889,2.4343433380127,2.4498288631439,2.4871115684509,2.4446573257446,2.4690988063812,2.4808213710785,2.4829959869385,2.4476525783539,2.4418659210205,2.4576358795166,2.4402952194214,2.4045202732086,2.4052693843842,2.4481973648071,2.4318332672119,2.4154632091522,2.4365313053131,2.4224355220795,2.4241471290588,2.4137253761292,2.4059047698975,2.3769500255585,2.3936505317688,2.4405677318573,2.417423248291,2.4439027309418,2.4287614822388,2.4137833118439,2.3823120594025,2.4038524627686,2.3510875701904,2.3981995582581,2.3593962192535,2.4151961803436,2.4239950180054,2.4140074253082,2.4270098209381,2.4263858795166,2.3826355934143,2.3845036029816,2.3937351703644,2.3958241939545,2.4297723770142,2.4487211704254,2.3664178848267,2.3749823570251,2.3712332248688,2.3795716762543,2.3826820850372,2.4204545021057,2.3920743465424,2.3763523101807,2.3959310054779,2.3702845573425,