{"i":1000,"val_loss_history":[1.8796381884151],"val_loss_history_it":[1000],"forward_backward_times":{},"opt":{"max_epochs":50,"checkpoint_every":1000,"batch_size":64,"memory_benchmark":0,"init_from":"","grad_clip":5,"model_type":"rnn","lr_decay_every":5,"print_every":1,"wordvec_size":64,"seq_length":50,"input_json":"\/root\/data\/games.json","num_layers":2,"input_h5":"\/root\/data\/games.h5","reset_iterations":1,"rnn_size":256,"dropout":0.2,"checkpoint_name":"cv\/checkpoint","batchnorm":0,"learning_rate":0.002,"speed_benchmark":0,"gpu_backend":"cuda","lr_decay_factor":0.5,"gpu":-1},"train_loss_history":[5.5526957511902,5.2360649108887,4.7015461921692,4.1102871894836,3.8436255455017,3.6898698806763,3.5927169322968,3.4789528846741,3.4155569076538,3.2891159057617,3.2422270774841,3.2281198501587,3.106584072113,3.0847055912018,3.0748767852783,3.0494930744171,3.0299561023712,2.9732112884521,2.9530532360077,2.8751015663147,2.8848848342896,2.8691599369049,2.894608259201,2.8098745346069,2.8279144763947,2.7843768596649,2.7762236595154,2.7957410812378,2.7700395584106,2.748806476593,2.6766681671143,2.7003645896912,2.708447933197,2.6777205467224,2.6032497882843,2.5948920249939,2.5411727428436,2.5728960037231,2.6085135936737,2.5853569507599,2.5746195316315,2.6114783287048,2.6076819896698,2.590544462204,2.5578093528748,2.5786809921265,2.542337179184,2.5534698963165,2.5733923912048,2.5029726028442,2.4635322093964,2.4587659835815,2.4556624889374,2.4865534305573,2.4719731807709,2.4654088020325,2.4741983413696,2.4591710567474,2.4300146102905,2.4172594547272,2.5220212936401,2.54034948349,2.4797492027283,2.4498946666718,2.4857203960419,2.5196421146393,2.4933228492737,2.4851169586182,2.407191991806,2.4160392284393,2.4243907928467,2.4445908069611,2.4247996807098,2.3848643302917,2.4120001792908,2.4376146793365,2.3982436656952,2.508882522583,2.4130001068115,2.4778788089752,2.3925266265869,2.3978760242462,2.4037153720856,2.3235042095184,2.3909533023834,2.4101684093475,2.4140160083771,2.3104422092438,2.3975608348846,2.3692488670349,2.3965744972229,2.413791179657,2.3711423873901,2.4137072563171,2.3654899597168,2.4278228282928,2.4033145904541,2.376631975174,2.4166088104248,2.3694717884064,2.3871161937714,2.3589029312134,2.3765997886658,2.4151084423065,2.3617525100708,2.3236093521118,2.3507573604584,2.3643689155579,2.3227939605713,2.3607506752014,2.3682913780212,2.345550775528,2.3956470489502,2.3814408779144,2.4342076778412,2.3583312034607,2.3554308414459,2.3861298561096,2.3561298847198,2.3250939846039,2.3209042549133,2.3490333557129,2.3484396934509,2.3355448246002,2.3402979373932,2.3230488300323,2.3306083679199,2.3467400074005,2.320198059082,2.2729215621948,2.296707868576,2.3188819885254,2.2931172847748,2.3338527679443,2.3101334571838,2.2874228954315,2.2910273075104,2.2938966751099,2.2406113147736,2.2979683876038,2.2656390666962,2.31409907341,2.3036961555481,2.2973620891571,2.3343567848206,2.2993249893188,2.2595221996307,2.2652311325073,2.2663424015045,2.2943396568298,2.3114371299744,2.3136942386627,2.2272403240204,2.2382915019989,2.2535090446472,2.2703258991241,2.2766191959381,2.3166615962982,2.279571056366,2.2565569877625,2.3035867214203,2.2442760467529,2.2257699966431,2.2193615436554,2.2266082763672,2.2737262248993,2.2886908054352,2.3032610416412,2.2592799663544,2.2836976051331,2.2986278533936,2.2670276165009,2.2834720611572,2.3020505905151,2.2391006946564,2.2645614147186,2.2335431575775,2.2385489940643,2.2743325233459,2.2781059741974,2.2892966270447,2.203688621521,2.2520973682404,2.2818939685822,2.224515914917,2.1715531349182,2.160352230072,2.1026542186737,2.1795217990875,2.2044820785522,2.2331557273865,2.1931040287018,2.1962385177612,2.214663028717,2.2016959190369,2.1576006412506,2.2046983242035,2.2013463973999,2.2177865505219,2.2016005516052,2.1404943466187,2.0894784927368,2.1410219669342,2.1238641738892,2.1590578556061,2.1559975147247,2.1687169075012,2.1537027359009,2.1377995014191,2.0645837783813,2.0884480476379,2.1606321334839,2.1967866420746,2.1712472438812,2.1322495937347,2.143084526062,2.1961081027985,2.1643788814545,2.1229104995728,2.0935008525848,2.1229746341705,2.1343948841095,2.1366944313049,2.1539826393127,2.1159610748291,2.1635203361511,2.1653397083282,2.1350717544556,2.2389001846313,2.1448748111725,2.194155216217,2.1183648109436,2.1206760406494,2.10582447052,2.0734331607819,2.1314859390259,2.1717383861542,2.2030739784241,2.0669252872467,2.1604292392731,2.1462318897247,2.1691079139709,2.1492726802826,2.1165690422058,2.1534023284912,2.1336131095886,2.1796505451202,2.2036066055298,2.1253862380981,2.1817820072174,2.1476120948792,2.1701836585999,2.1168916225433,2.1435468196869,2.1962478160858,2.1311774253845,2.1336319446564,2.1490194797516,2.1645600795746,2.1027131080627,2.1739087104797,2.1780045032501,2.1262912750244,2.1718728542328,2.1805286407471,2.1993944644928,2.1575314998627,2.1635229587555,2.2069034576416,2.1678626537323,2.122950553894,2.1280922889709,2.1665236949921,2.1581647396088,2.1397655010223,2.1492078304291,2.1433532238007,2.1345517635345,2.1251225471497,2.1305129528046,2.0824387073517,2.1176767349243,2.145500421524,2.1117038726807,2.1593277454376,2.107321023941,2.0995240211487,2.1047959327698,2.1175208091736,2.0720198154449,2.1180913448334,2.0860571861267,2.1610565185547,2.1458449363708,2.1062760353088,2.1760280132294,2.1368436813354,2.0901393890381,2.076911687851,2.1045343875885,2.1564967632294,2.1673331260681,2.1755509376526,2.080096244812,2.0843911170959,2.0807726383209,2.1234908103943,2.127837896347,2.1453113555908,2.1268949508667,2.1030712127686,2.172842502594,2.0981106758118,2.0806128978729,2.06192445755,2.0929267406464,2.1154963970184,2.134539604187,2.1447179317474,2.1035349369049,2.1296575069427,2.1368837356567,2.1263735294342,2.1578047275543,2.1435868740082,2.0786979198456,2.1115348339081,2.1054770946503,2.0839567184448,2.1408896446228,2.1308104991913,2.1417233943939,2.0537519454956,2.0930998325348,2.1444487571716,2.0890941619873,2.0386838912964,2.0115592479706,1.964874625206,2.0266480445862,2.0880148410797,2.1016783714294,2.0403180122375,2.0409688949585,2.0611090660095,2.0336780548096,1.9995313882828,2.0498721599579,2.0738980770111,2.0922439098358,2.0597047805786,2.0078148841858,1.9494640827179,2.0181233882904,1.9944152832031,2.0380458831787,2.020138502121,2.0478620529175,2.0287828445435,2.0231935977936,1.9298521280289,1.9706890583038,2.0429816246033,2.0843875408173,2.0646431446075,2.0104939937592,2.0161111354828,2.0470917224884,2.0329382419586,1.9916263818741,1.9456030130386,1.9851405620575,2.009829044342,2.0164988040924,2.0209715366364,1.9983781576157,2.042774438858,2.0326654911041,2.0104405879974,2.0996034145355,2.0027258396149,2.056412935257,1.9853537082672,1.9741560220718,1.9810211658478,1.9618573188782,2.0161604881287,2.0615663528442,2.0879094600677,1.9655158519745,2.0602719783783,2.0354549884796,2.0822095870972,2.0359070301056,2.0047821998596,2.0243942737579,2.02472615242,2.0578680038452,2.0567355155945,2.0033247470856,2.067227602005,2.0357077121735,2.0677285194397,2.0117888450623,2.0245876312256,2.1065893173218,2.0359337329865,2.0300307273865,2.0489847660065,2.0487365722656,1.9916758537292,2.0684492588043,2.0683014392853,2.0456757545471,2.0753593444824,2.0657436847687,2.0957045555115,2.0570142269135,2.0665378570557,2.0897746086121,2.0510518550873,2.002331495285,2.0309963226318,2.0469229221344,2.0545015335083,2.0481150150299,2.0744364261627,2.0607178211212,2.0319848060608,2.0389647483826,2.0293214321136,1.9764920473099,2.0109305381775,2.0328032970428,2.0229830741882,2.0574066638947,2.0383014678955,2.0033864974976,1.9858235120773,2.0132622718811,1.979932308197,2.025787115097,2.0036475658417,2.0759475231171,2.056319475174,2.015718460083,2.0899624824524,2.0534107685089,2.0221717357635,1.9814364910126,2.0160150527954,2.0662848949432,2.1011950969696,2.0691056251526,1.9971630573273,2.0087723731995,1.9725539684296,2.0188720226288,2.0183732509613,2.078403711319,2.0343778133392,2.0262882709503,2.1066677570343,2.0327882766724,